article_id;title;speaking_url
1;Test 1;nc/news-articles-energy-efficiency-in-industrial-processes/?tx_neustanews_newsoverview%5Baction%5D=articleExtend&tx_neustanews_newsoverview%5Bcontroller%5D=News
1;Test 1;nc/articles/?tx_neustanews_newsoverview%5Baction%5D=articleExtend&tx_neustanews_newsoverview%5Bcontroller%5D=News
12;Bridging the industrial heat divide;articles/detailed/8060556a481e48e98500947a3181459e/bridging-the-industrial-heat-divide/
20;EUSEW 2016 - energy efficiency awards;articles/detailed/705c0f213a2e54bd46d6a741aae3e052/eusew-2016-energy-efficiency-awards/
21;How much can energy management actually save?;articles/detailed//how-much-can-energy-management-actually-save/
21;How much can energy management actually save?;articles/detailed/d7a9e747d6ce8ad8e270d0407a865402/how-much-can-energy-management-actually-save/
22;All eyes on China’s 13th Five-Year Plan for energy;articles/detailed//all-eyes-on-chinas-13th-five-year-plan-for-energy/
22;All eyes on China’s 13th Five-Year Plan for energy;articles/detailed/84c4ccca0d7506c9f25b2e3d1242ef20/all-eyes-on-chinas-13th-five-year-plan-for-energy/
22;All eyes on China’s 13th Five-Year Plan for energy;articles/detailed//all-eyes-on-chinas-13th-five-year-plan-for-energy/?amp%3BcHash=84c4ccca0d7506c9f25b2e3d1242ef20
23;EEIP at Turkish Energy Efficiency Week;articles/detailed/f3167cf1c3d2ccac1b353e306a97563d/eeip-at-turkish-energy-efficiency-week/
24;US: Energy efficiency gets a boost under Obama;articles/detailed/05acd98f42233ae50e097eb80f49a5b9/us-energy-efficiency-gets-a-boost-under-obama/
25;Calling All Global Leaders in Clean Energy;articles/detailed/0ba5e5a3c563e5ca187dd6df477d19e8/calling-all-global-leaders-in-clean-energy/
26;Nominated - Energy Efficiency Award "PERPETUUM 2016";articles/detailed/500a601af42a2ab438c3b60bd74329a1/nominated-energy-efficiency-award-perpetuum-2016/
26;Nominated - Energy Efficiency Award "PERPETUUM 2016";articles/detailed//nominated-energy-efficiency-award-perpetuum-2016/
27;45% TCO - Industrial Pumps Fight for Efficiency : Part 3/4;articles/detailed//45-tco-industrial-pumps-fight-for-efficiency-part-34/
27;45% TCO - Industrial Pumps Fight for Efficiency : Part 3/4;articles/detailed/2298e54c1e16caab060770361d796334/45-tco-industrial-pumps-fight-for-efficiency-part-34/
27;45% TCO - Industrial Pumps Fight for Efficiency : Part 3/4;articles/detailed//45-tco-industrial-pumps-fight-for-efficiency-part-34/?%3BcHash=2298e54c1e16caab060770361d796334
27;45% TCO - Industrial Pumps Fight for Efficiency : Part 3/4;articles/detailed//45-tco-industrial-pumps-fight-for-efficiency-part-34/?amp%3BcHash=2298e54c1e16caab060770361d796334
28;Heatpumps - an overlooked opportunity?;articles/detailed//heatpumps-an-overlooked-opportunity/
28;Heatpumps - an overlooked opportunity?;articles/detailed/8123fccf96fd0ec93dde0bf8cccdad08/heatpumps-an-overlooked-opportunity/
28;Heatpumps - an overlooked opportunity?;articles/detailed//heatpumps-an-overlooked-opportunity/?amp%3BcHash=8123fccf96fd0ec93dde0bf8cccdad08
29;Energy Transition of the EU Building Stock;articles/detailed//energy-transition-of-the-eu-building-stock/
29;Energy Transition of the EU Building Stock;articles/detailed/7010179ad01da9a81edeb62d3e19b3d5/energy-transition-of-the-eu-building-stock/
30;Industrial heat: An emission free energy source;articles/detailed//industrial-heat-an-emission-free-energy-source/
30;Industrial heat: An emission free energy source;articles/detailed/dbb77b0b25aa7dc996b322269b484eb7/industrial-heat-an-emission-free-energy-source/
31;45% TCO - Industrial Pumps Fight for Efficiency : Part 2/4;articles/detailed/28c01b1cd9d6f20da73ef2a8b2f56821/45-tco-industrial-pumps-fight-for-efficiency-part-24/
32;Energy efficiency works!;articles/detailed//energy-efficiency-works/
33;Securing Energy Efficiency to Secure the Energy Union;articles/detailed/4c402ebb2b78f9423bed2be6af88e10a/securing-energy-efficiency-to-secure-the-energy-union/
34;45% TCO – industrial pumps fight for efficiency;articles/detailed/7cd854be33eabce2836941f513d2f996/45-tco-industrial-pumps-fight-for-efficiency/
34;45% TCO – industrial pumps fight for efficiency;articles/detailed//45-tco-industrial-pumps-fight-for-efficiency/
35;More evidence of problems with EU Emissions Trading System;articles/detailed/a221b1b5390f9a6a9eb576223460f0ff/more-evidence-of-problems-with-eu-emissions-trading-system/
36;Smart Metering : Is it really interesting for Industry?;articles/detailed/aab9de6111f1a747d49d50a870d8c53e/smart-metering-is-it-really-interesting-for-industry/
37;Energy Efficiency At The Tipping Point?;articles/detailed//energy-efficiency-at-the-tipping-point/
37;Energy Efficiency At The Tipping Point?;articles/detailed/f9ef468b674fceeb6d31783c3ad33c4c/energy-efficiency-at-the-tipping-point/
38;Industrial Demand Response - too complex?;articles/detailed/f36ec1a4156a8ba042d878ee550776eb/industrial-demand-response-too-complex/
39;IoT is Today!;articles/detailed/ebd1ca27adf3c922bedee93acbbf1960/iot-is-today/
39;IoT is Today!;articles/detailed//iot-is-today/
40;Energy Culture – Improving industrial energy efficiency through behavioral change;articles/detailed//energy-culture-improving-industrial-energy-efficiency-through-behavioral-change/
40;Energy Culture – Improving industrial energy efficiency through behavioral change;articles/detailed/920a5059e44d1b845d2cf76beb59ca80/energy-culture-improving-industrial-energy-efficiency-through-behavioral-change/
41;New EEIP chairman & Energy Efficiency Financial Institutions Group;articles/detailed/dd9da28fc455fe2f58323dd235ce62a5/new-eeip-chairman-energy-efficiency-financial-institutions-group/
42;Efficient Steel Production in India;articles/detailed/156d6cb308e37756c3a3ad8f85d87925/efficient-steel-production-in-india/
43;Efficient EU policy for efficient EU industry;articles/detailed/ac700489262a943fb7ae48015fad0bb8/efficient-eu-policy-for-efficient-eu-industry/
44;Industrial motors energy saving potential: 5 nuclear power plants!;articles/detailed/bfe9e1e943bf1140489db57af110e4ea/industrial-motors-energy-saving-potential-5-nuclear-power-plants/
44;Industrial motors energy saving potential: 5 nuclear power plants!;articles/detailed//industrial-motors-energy-saving-potential-5-nuclear-power-plants/
45;How Twitter can drive energy transition policy advocacy in Europe;articles/detailed//how-twitter-can-drive-energy-transition-policy-advocacy-in-europe/
45;How Twitter can drive energy transition policy advocacy in Europe;articles/detailed/bfda740c37aba800106e71f6e9c9e903/how-twitter-can-drive-energy-transition-policy-advocacy-in-europe/
48;USA: EEIP´s new partner PUMP MARKETING SOLUTIONS (PMS);articles/detailed//usa-eeips-new-partner-pump-marketing-solutions-pms/
48;USA: EEIP´s new partner PUMP MARKETING SOLUTIONS (PMS);articles/detailed/9946c52824c5b34b9d93ed63bd658027/usa-eeips-new-partner-pump-marketing-solutions-pms/
49;Top 5: How to increase energy efficiency of pumps – start with the system;articles/detailed//top-5-how-to-increase-energy-efficiency-of-pumps-start-with-the-system/
49;Top 5: How to increase energy efficiency of pumps – start with the system;articles/detailed/b16c9527e1cf25e4bf2cf53280304384/top-5-how-to-increase-energy-efficiency-of-pumps-start-with-the-system/
51;Survey open till 31 Dec: Industrial Energy Efficiency Barometer;articles/detailed//survey-open-till-31-dec-industrial-energy-efficiency-barometer/
51;Survey open till 31 Dec: Industrial Energy Efficiency Barometer;articles/detailed/4bf852341f12557b38e83b8177ff876f/survey-open-till-31-dec-industrial-energy-efficiency-barometer/
51;Survey open till 31 Dec: Industrial Energy Efficiency Barometer;articles/detailed//survey-open-till-31-dec-industrial-energy-efficiency-barometer/?amp%3BcHash=4bf852341f12557b38e83b8177ff876f
52;Industrial energy efficiency in Germany;articles/detailed//industrial-energy-efficiency-in-germany/
52;Industrial energy efficiency in Germany;articles/detailed/1e8f54b67dcf89ba592fa8bfbfd21e7c/industrial-energy-efficiency-in-germany/
53;Turkey: Industrial energy efficiency strategy;articles/detailed//turkey-industrial-energy-efficiency-strategy/
53;Turkey: Industrial energy efficiency strategy;articles/detailed/7cc969ab93f80c76a54ecc339c544ae9/turkey-industrial-energy-efficiency-strategy/
53;Turkey: Industrial energy efficiency strategy;articles/detailed//turkey-industrial-energy-efficiency-strategy/?amp%3BcHash=7cc969ab93f80c76a54ecc339c544ae9
54;Heatpumps: vision vs. reality;articles/detailed//heatpumps-vision-vs-reality/
54;Heatpumps: vision vs. reality;articles/detailed/bd3568515e538ad350faf063915c6141/heatpumps-vision-vs-reality/
54;Heatpumps: vision vs. reality;articles/detailed//heatpumps-vision-vs-reality/?amp%3BcHash=bd3568515e538ad350faf063915c6141
55;What the EU "Winter Package" means for industry;articles/detailed//what-the-eu-winter-package-means-for-industry/
55;What the EU "Winter Package" means for industry;articles/detailed/7613a0866ce8b0521f89a3afac2c860d/what-the-eu-winter-package-means-for-industry/
100057;Five trends for Energy Efficiency in 2017;articles/detailed//five-trends-for-energy-efficiency-in-2017/
100057;Five trends for Energy Efficiency in 2017;articles/detailed/96d7ebd14f40d849f4a481ac6b0af340/five-trends-for-energy-efficiency-in-2017/
100058;Standardisation, data and risk for energy efficiency investments;articles/detailed//standardisation-data-and-risk-for-energy-efficiency-investments/
100058;Standardisation, data and risk for energy efficiency investments;articles/detailed/00633e7b793321310c9481d4c7a7344a/standardisation-data-and-risk-for-energy-efficiency-investments/
100059;Utilities large missed opportunity: Demand Response in manufacturing;articles/detailed//utilities-large-missed-opportunity-demand-response-in-manufacturing/
100059;Utilities large missed opportunity: Demand Response in manufacturing;articles/detailed/4f4b42dca867849009fa2064b0b91c78/utilities-large-missed-opportunity-demand-response-in-manufacturing/
100060;ISO 50001: easier Article 8 compliance, plus energy cost savings;articles/detailed//iso-50001-easier-article-8-compliance-plus-energy-cost-savings/
100060;ISO 50001: easier Article 8 compliance, plus energy cost savings;articles/detailed/495366a46389fdf5067e10fb9a3b28a0/iso-50001-easier-article-8-compliance-plus-energy-cost-savings/
100062;Insuring Production Up-Time at New Center Stamping;articles/detailed//insuring-production-up-time-at-new-center-stamping/
100062;Insuring Production Up-Time at New Center Stamping;articles/detailed/e5588c729ec568d56e2a3f17c5306275/insuring-production-up-time-at-new-center-stamping/
100063;Where is industry in addressing Europe’s climate and energy obligations?;articles/detailed//where-is-industry-in-addressing-europes-climate-and-energy-obligations/
100063;Where is industry in addressing Europe’s climate and energy obligations?;articles/detailed/13a2529cc06b69d31a6ca229738a48fd/where-is-industry-in-addressing-europes-climate-and-energy-obligations/
100065;Utility of the future;articles/detailed//utility-of-the-future/
100065;Utility of the future;articles/detailed/33d4befc6b537b3ba1d3410d162d0233/utility-of-the-future/
100066;The key to scaling up energy efficiency – new business models and structures;articles/detailed//the-key-to-scaling-up-energy-efficiency-new-business-models-and-structures/
100066;The key to scaling up energy efficiency – new business models and structures;articles/detailed/e56dafe9588efe2308e0700894dfe1ae/the-key-to-scaling-up-energy-efficiency-new-business-models-and-structures/
100067;Why Germany needs a European Energiewende;articles/detailed//why-germany-needs-a-european-energiewende/
100067;Why Germany needs a European Energiewende;articles/detailed/2ddd6c4c3c29dd901d64326ed6f04431/why-germany-needs-a-european-energiewende/
100068;Whirlwind: Approval process European Commission´s clean energy package;articles/detailed//whirlwind-approval-process-european-commissions-clean-energy-package/
100068;Whirlwind: Approval process European Commission´s clean energy package;articles/detailed/471894a6cf99b4835e34e4749d89fba3/whirlwind-approval-process-european-commissions-clean-energy-package/
100069;Energy audit in SMEs could unlock great energy efficiency potential in Europe: a focus on the Italian model.;articles/detailed//energy-audit-in-smes-could-unlock-great-energy-efficiency-potential-in-europe-a-focus-on-the-italia/
100069;Energy audit in SMEs could unlock great energy efficiency potential in Europe: a focus on the Italian model.;articles/detailed/999325585c33f81f2b421390498a8124/energy-audit-in-smes-could-unlock-great-energy-efficiency-potential-in-europe-a-focus-on-the-italia/
100070;Game Changers in the energy system;articles/detailed//game-changers-in-the-energy-system/
100070;Game Changers in the energy system;articles/detailed/eb21705a80ba846bf019b7cd0e950b9d/game-changers-in-the-energy-system/
100071;Compressed Air: Energy efficiency at the top of the ComVac agenda (HM17);articles/detailed//compressed-air-energy-efficiency-at-the-top-of-the-comvac-agenda-hm17/
100071;Compressed Air: Energy efficiency at the top of the ComVac agenda (HM17);articles/detailed/820e6795eb8cb267bf089690f26481ca/compressed-air-energy-efficiency-at-the-top-of-the-comvac-agenda-hm17/
100072;Integration: the cornerstone of the energy transition;articles/detailed//integration-the-cornerstone-of-the-energy-transition/
100072;Integration: the cornerstone of the energy transition;articles/detailed/17d7067638297a4eed384a96f3a395bd/integration-the-cornerstone-of-the-energy-transition/
100073;Energy efficiency in the spotlight at HM17;articles/detailed//energy-efficiency-in-the-spotlight-at-hm17/
100073;Energy efficiency in the spotlight at HM17;articles/detailed/a5e5b47497d12fad2abdec05caf76334/energy-efficiency-in-the-spotlight-at-hm17/
100074;26 April - Meet EEIP Twitter stars at Hannover Messe 2017;articles/detailed//26-april-meet-eeip-twitter-stars-at-hannover-messe-2017/
100074;26 April - Meet EEIP Twitter stars at Hannover Messe 2017;articles/detailed/17699faa56e33d05cbd946ee18dcc5aa/26-april-meet-eeip-twitter-stars-at-hannover-messe-2017/
100075;The Profile of Energy Use in Industrial Motor Systems;articles/detailed//the-profile-of-energy-use-in-industrial-motor-systems/
100075;The Profile of Energy Use in Industrial Motor Systems;articles/detailed/8283f2a21cf5ec6221708ddc17cf2721/the-profile-of-energy-use-in-industrial-motor-systems/
100077;Last call to participate - Energy Efficiency Barometer of Industry 2017 (also in SWE, SP, ...);articles/detailed/f75ee5ba56dae820757cd0df79b1dddf/last-call-to-participate-energy-efficiency-barometer-of-industry-2017-also-in-swe-sp/
100077;Last call to participate - Energy Efficiency Barometer of Industry 2017 (also in SWE, SP, ...);articles/detailed//last-call-to-participate-energy-efficiency-barometer-of-industry-2017-also-in-swe-sp/
100078;Can data analytics replace people in energy efficiency?;articles/detailed/d9c5219111daf80821392c52155b09ca/can-data-analytics-replace-people-in-energy-efficiency/
100078;Can data analytics replace people in energy efficiency?;articles/detailed//can-data-analytics-replace-people-in-energy-efficiency/
100079;Compressed air - Hannover Messe 2017 follow up;articles/detailed/2d9e8c5c1f3ce26759b6e90b61109fd8/compressed-air-hannover-messe-2017-follow-up/
100079;Compressed air - Hannover Messe 2017 follow up;articles/detailed//compressed-air-hannover-messe-2017-follow-up/
100080;DecarbEurope campaign launched in Brussels;articles/detailed/9aacd18ea09e2ce343fee0c66014063e/decarbeurope-campaign-launched-in-brussels/
100080;DecarbEurope campaign launched in Brussels;articles/detailed//decarbeurope-campaign-launched-in-brussels/
100081;The G20 Energy Efficiency Forum and the Energy Efficiency Investment Toolkit;articles/detailed/992922ef9946ed1ddd15f461e1d06e53/the-g20-energy-efficiency-forum-and-the-energy-efficiency-investment-toolkit/
100081;The G20 Energy Efficiency Forum and the Energy Efficiency Investment Toolkit;articles/detailed//the-g20-energy-efficiency-forum-and-the-energy-efficiency-investment-toolkit/
100082;Introduction: Electro-heat technologies;articles/detailed/fa0dce7faa6660f871614bae92dba3f5/introduction-electro-heat-technologies/
100082;Introduction: Electro-heat technologies;articles/detailed//introduction-electro-heat-technologies/
100083;Cleantech startups: German utilities bridging the valley of death?;articles/detailed/e2c73f35562b71f56c9b3a5a03782ef8/cleantech-startups-german-utilities-bridging-the-valley-of-death/
100083;Cleantech startups: German utilities bridging the valley of death?;articles/detailed//cleantech-startups-german-utilities-bridging-the-valley-of-death/
100084;Young Innovative Companies series: ENOGIA - small scale ORC solutions;articles/detailed/4faab7ccd5451e9517d446bddb2f8d6a/young-innovative-companies-series-enogia-small-scale-orc-solutions/
100084;Young Innovative Companies series: ENOGIA - small scale ORC solutions;articles/detailed//young-innovative-companies-series-enogia-small-scale-orc-solutions/
100085;Launch at EUSEW 2017: Investors for energy efficiency in industry, district energy and street lighting;articles/detailed/188efbc110ab4111e2bd8805013e94d4/launch-at-eusew-2017-investors-for-energy-efficiency-in-industry-district-energy-and-street-lighti/
100085;Launch at EUSEW 2017: Investors for energy efficiency in industry, district energy and street lighting;articles/detailed//launch-at-eusew-2017-investors-for-energy-efficiency-in-industry-district-energy-and-street-lighti/
100086;Infographic: Energy Use and Emissions in the Cement Industry;articles/detailed/6852eff6daa7c9bee865b649817b83d1/infographic-energy-use-and-emissions-in-the-cement-industry/
100086;Infographic: Energy Use and Emissions in the Cement Industry;articles/detailed//infographic-energy-use-and-emissions-in-the-cement-industry/
100087;UNIDO: Industrial energy efficiency: Picking the low-hanging fruit;articles/detailed/76e3db7f8e8da65a807f039e52195a0e/unido-industrial-energy-efficiency-picking-the-low-hanging-fruit/
100087;UNIDO: Industrial energy efficiency: Picking the low-hanging fruit;articles/detailed//unido-industrial-energy-efficiency-picking-the-low-hanging-fruit/
100088;Industry, street lighting and district energy: Launch of new project to “unlock” access to financing;articles/detailed/0b4f455a0245de9a2f0c6b3af28b24f8/industry-street-lighting-and-district-energy-launch-of-new-project-to-unlock-access-to-financing/
100088;Industry, street lighting and district energy: Launch of new project to “unlock” access to financing;articles/detailed//industry-street-lighting-and-district-energy-launch-of-new-project-to-unlock-access-to-financing/
100089;New Utility Business Model: leverage customer base;articles/detailed/9b6b4c4efe5d97fd26896c14fd806f21/new-utility-business-model-leverage-customer-base/
100089;New Utility Business Model: leverage customer base;articles/detailed//new-utility-business-model-leverage-customer-base/
100090;Blockchain in the energy sector: Institutional disruption?;articles/detailed/09c8c9c90bdffece8309b9ef7cddfe5b/blockchain-in-the-energy-sector-institutional-disruption/
100090;Blockchain in the energy sector: Institutional disruption?;articles/detailed//blockchain-in-the-energy-sector-institutional-disruption/
100091;Here’s How European Energy Companies See The (Near) Future;articles/detailed/3fbfb84db1e6e10b4c471d07e6f2fe37/heres-how-european-energy-companies-see-the-near-future/
100091;Here’s How European Energy Companies See The (Near) Future;articles/detailed//heres-how-european-energy-companies-see-the-near-future/
100093;C-level: New approach to safeguard energy efficiency investments;articles/detailed/98f85c82137034b753f025e3f9a9c9d8/c-level-new-approach-to-safeguard-energy-efficiency-investments/
100093;C-level: New approach to safeguard energy efficiency investments;articles/detailed//c-level-new-approach-to-safeguard-energy-efficiency-investments/
100094;36 Emerging Technologies for Energyefficiency and GHG Emissions Reduction in the Pulp and Paper Industry;articles/detailed/d073ae0086e1f703bc62af769c6c7025/36-emerging-technologies-for-energyefficiency-and-ghg-emissions-reduction-in-the-pulp-and-paper-indu/
100094;36 Emerging Technologies for Energyefficiency and GHG Emissions Reduction in the Pulp and Paper Industry;articles/detailed//36-emerging-technologies-for-energyefficiency-and-ghg-emissions-reduction-in-the-pulp-and-paper-indu/
100095;How ICP can contribute to the success of energy efficiency networks;articles/detailed/9cd5dcf4d5ddf42d2b30ff99cbe48c70/how-icp-can-contribute-to-the-success-of-energy-efficiency-networks/
100095;How ICP can contribute to the success of energy efficiency networks;articles/detailed//how-icp-can-contribute-to-the-success-of-energy-efficiency-networks/
100096;2 non-legislative EU initiatives for industrial energy efficiency;articles/detailed/687e2dc4dbda31742826dfa66a26614c/2-non-legislative-eu-initiatives-for-industrial-energy-efficiency/
100096;2 non-legislative EU initiatives for industrial energy efficiency;articles/detailed//2-non-legislative-eu-initiatives-for-industrial-energy-efficiency/
100097;The Pitfalls of LED Linear Tubes and Smart Lighting Systems;articles/detailed/2f50fe2ca1112535a84343aa271e30a4/the-pitfalls-of-led-linear-tubes-and-smart-lighting-systems/
100097;The Pitfalls of LED Linear Tubes and Smart Lighting Systems;articles/detailed//the-pitfalls-of-led-linear-tubes-and-smart-lighting-systems/
100098;Making existing lending processes drive energy efficiency;articles/detailed/45f693332877f04e78387ba85213a1e8/making-existing-lending-processes-drive-energy-efficiency/
100098;Making existing lending processes drive energy efficiency;articles/detailed//making-existing-lending-processes-drive-energy-efficiency/
100099;Four reasons why financial institutions should be active in energy efficiency;articles/detailed/c06e4fd53110d99874d3bbfdf7d4d3cb/four-reasons-why-financial-institutions-should-be-active-in-energy-efficiency/
100099;Four reasons why financial institutions should be active in energy efficiency;articles/detailed//four-reasons-why-financial-institutions-should-be-active-in-energy-efficiency/
100100;When Are Energy Audits a Waste of Money?;articles/detailed/a4f86b23f5289b1cb1ca5e667e72057c/when-are-energy-audits-a-waste-of-money/
100100;When Are Energy Audits a Waste of Money?;articles/detailed//when-are-energy-audits-a-waste-of-money/
100101;Digital platforms in the energy sector – definition & first applications;articles/detailed/fdac4254efce7435a8bc83a7a4d1669a/digital-platforms-in-the-energy-sector-definition-first-applications/
100101;Digital platforms in the energy sector – definition & first applications;articles/detailed//digital-platforms-in-the-energy-sector-definition-first-applications/
100102;The 4th Utility: Compressed Air;articles/detailed/1e5b82080686ae02120cc4a9400ac380/the-fourth-utility-compressed-air/
100102;The 4th Utility: Compressed Air;articles/detailed//the-fourth-utility-compressed-air/
100102;The 4th Utility: Compressed Air;articles/detailed//the-4th-utility-compressed-air/
100102;The 4th Utility: Compressed Air;articles/detailed/1e5b82080686ae02120cc4a9400ac380/the-4th-utility-compressed-air/
100103;Strategic: Investing in industrial Energy Efficiency is a major decision;articles/detailed/0644cdbcd749103683c1f8d9d88e3fa9/strategic-investing-in-industrial-energy-efficiency-is-a-major-decision/
100103;Strategic: Investing in industrial Energy Efficiency is a major decision;articles/detailed//strategic-investing-in-industrial-energy-efficiency-is-a-major-decision/
100104;Industry – New Standards for easier Investments in Energy Efficiency;articles/detailed/6fd7972a43ed4dcb9e477fe35afb6be9/industry-new-standards-for-easier-investments-in-energy-efficiency/
100104;Industry – New Standards for easier Investments in Energy Efficiency;articles/detailed//industry-new-standards-for-easier-investments-in-energy-efficiency/
100105;Choosing the best techniques for waste heat recovery;articles/detailed/e360b8ba312356f89fce2817eb9aa841/choosing-the-best-techniques-for-waste-heat-recovery/
100105;Choosing the best techniques for waste heat recovery;articles/detailed//choosing-the-best-techniques-for-waste-heat-recovery/
100106;IEA, EU and China advance Energy Efficiency;articles/detailed/5f3911cdbcd0d022a37cad4b824ea97d/iea-eu-and-china-advance-energy-efficiency/
100106;IEA, EU and China advance Energy Efficiency;articles/detailed//iea-eu-and-china-advance-energy-efficiency/
100107;Asset- vs. Service-based Business Models – Where Lies The Future For Utilities?;articles/detailed/d06be7e36131003f850abeb836621a40/asset-vs-service-based-business-models-where-lies-the-future-for-utilities/
100107;Asset- vs. Service-based Business Models – Where Lies The Future For Utilities?;articles/detailed//asset-vs-service-based-business-models-where-lies-the-future-for-utilities/
100108;ICP: Top 2 benefits for energy efficiency project developers;articles/detailed/53342740eae28d5ee08e107a0b057533/icp-top-2-benefits-for-energy-efficiency-project-developers/
100108;ICP: Top 2 benefits for energy efficiency project developers;articles/detailed//icp-top-2-benefits-for-energy-efficiency-project-developers/
100109;5 steps for a robust energy strategy;articles/detailed/219bd012d74c75756eb8340db1aa8b40/5-steps-for-a-robust-energy-strategy/
100109;5 steps for a robust energy strategy;articles/detailed//5-steps-for-a-robust-energy-strategy/
100110;Blockchain: The basis for disruptive innovation in the energy sector?;articles/detailed/2ad5e5e796553f1bdd6dd6c572079e1c/blockchain-the-basis-for-disruptive-innovation-in-the-energy-sector/
100110;Blockchain: The basis for disruptive innovation in the energy sector?;articles/detailed//blockchain-the-basis-for-disruptive-innovation-in-the-energy-sector/
100111;Roundtable on Financing Industrial Energy Efficiency, October 19th;articles/detailed/8865f58cbd4f7bb32fbb571d57021057/roundtable-on-financing-industrial-energy-efficiency-october-19th/
100111;Roundtable on Financing Industrial Energy Efficiency, October 19th;articles/detailed//roundtable-on-financing-industrial-energy-efficiency-october-19th/
100112;New recording of energy performance contracts (EPCs) in government accounts;articles/detailed/0c019c0356111894cc5769d5686d8980/new-recording-of-energy-performance-contracts-epcs-in-government-accounts/
100112;New recording of energy performance contracts (EPCs) in government accounts;articles/detailed//new-recording-of-energy-performance-contracts-epcs-in-government-accounts/
100113;Artificial Intelligence in Energy Management Software;articles/detailed//artificial-intelligence-in-energy-management-software/
100113;Artificial Intelligence in Energy Management Software;news-articles-energy-efficiency-in-industrial-processes/detailed/6aca03305a9634e44c6fa7393b5fd384/artificial-intelligence-in-energy-management-software/
100113;Artificial Intelligence in Energy Management Software;articles/detailed/6aca03305a9634e44c6fa7393b5fd384/artificial-intelligence-in-energy-management-software/
100114;Open now: The Energy Efficiency Barometer of Industry - a tool to enhance industrial energy productivity;articles/detailed/d001b838ce98ab941dfa2723129fb7e9/open-now-the-energy-efficiency-barometer-of-industry-a-tool-to-enhance-industrial-energy-productiv/
100114;Open now: The Energy Efficiency Barometer of Industry - a tool to enhance industrial energy productivity;articles/detailed//open-now-the-energy-efficiency-barometer-of-industry-a-tool-to-enhance-industrial-energy-productiv/
100114;Open now: The Energy Efficiency Barometer of Industry - a tool to enhance industrial energy productivity;news-articles-energy-efficiency-in-industrial-processes/detailed/d001b838ce98ab941dfa2723129fb7e9/open-now-the-energy-efficiency-barometer-of-industry-a-tool-to-enhance-industrial-energy-producti/
100114;Open now: The Energy Efficiency Barometer of Industry - a tool to enhance industrial energy productivity;articles/detailed/d001b838ce98ab941dfa2723129fb7e9/open-now-the-energy-efficiency-barometer-of-industry-a-tool-to-enhance-industrial-energy-producti/
100114;Open now: The Energy Efficiency Barometer of Industry - a tool to enhance industrial energy productivity;articles/detailed//open-now-the-energy-efficiency-barometer-of-industry-a-tool-to-enhance-industrial-energy-producti/
100115;Towards Zero Emission Mobility in European Transport;articles/detailed//towards-zero-emission-mobility-in-european-transport/
100115;Towards Zero Emission Mobility in European Transport;news-articles-energy-efficiency-in-industrial-processes/detailed/78a9d50fede89cc692e4350d1286de25/towards-zero-emission-mobility-in-european-transport/
100115;Towards Zero Emission Mobility in European Transport;articles/detailed/78a9d50fede89cc692e4350d1286de25/towards-zero-emission-mobility-in-european-transport/
100116;Industry at crossroads - reflections from EEFIG industry event;articles/detailed//industry-at-crossroads-reflections-from-eefig-industry-event/
100116;Industry at crossroads - reflections from EEFIG industry event;news-articles-energy-efficiency-in-industrial-processes/detailed/ff284a1de13cddc93dd350c27d9fd84e/industry-at-crossroads-reflections-from-eefig-industry-event/
100116;Industry at crossroads - reflections from EEFIG industry event;articles/detailed/ff284a1de13cddc93dd350c27d9fd84e/industry-at-crossroads-reflections-from-eefig-industry-event/
100117;Standards for industrial energy efficiency projects - the importance of technical integrity;articles/detailed//standards-for-industrial-energy-efficiency-projects-the-importance-of-technical-integrity/
100117;Standards for industrial energy efficiency projects - the importance of technical integrity;news-articles-energy-efficiency-in-industrial-processes/detailed/57e9f1ab9bf8eb968ae3d9d8459df290/standards-for-industrial-energy-efficiency-projects-the-importance-of-technical-integrity/
100117;Standards for industrial energy efficiency projects - the importance of technical integrity;articles/detailed/57e9f1ab9bf8eb968ae3d9d8459df290/standards-for-industrial-energy-efficiency-projects-the-importance-of-technical-integrity/
100118;Energy Data Insights: The Missing “Smart Step” to Better Building Performance;articles/detailed/f94a813bf7ff710fc32bd432d50614d0/energy-data-insights-the-missing-smart-step-to-better-building-performance/
100119;Street Lighting: help us unlock access to financing - we need your technical knowledge;articles/detailed/cd1f96b1d394443932e9fda5c8ad32ce/street-lighting-help-us-unlock-access-to-financing-we-need-your-technical-knowledge/
100120;Energy Flexibility Initiative from the University of Stuttgart;articles/detailed/ca964c970447bfe0721c763ab4b2b43c/energy-flexibility-initiative-from-the-university-of-stuttgart/
100121;Raising the priority for industrial energy efficiency;articles/detailed/c653946ab00df5f2c3765f23d4b0e4cf/raising-the-priority-for-industrial-energy-efficiency/
100122;Increasing the flow of investment into energy efficiency in industry;articles/detailed/59437edb599db413f5d0d5340a716497/increasing-the-flow-of-investment-into-energy-efficiency-in-industry/
100123;The technical potential of large and industrial heat pumps;articles/detailed/87f4ab4b1d6c3c767a9dcae1e30b0808/the-technical-potential-of-large-and-industrial-heat-pumps/
100124;6 principles for a market design that enables the energy transition;articles/detailed/1a0f1159f5c75ae1b96b30b4ed4f3c5a/6-principles-for-a-market-design-that-enables-the-energy-transition/
100125;District Energy: We need your technical expertise - help us “unlock” access to financing;articles/detailed/24f2e2239d6c1bd785cd8ab58ce22b1e/district-energy-we-need-your-technical-expertise-help-us-unlock-access-to-financing/
100126;We accelerate the Energy Transition.;articles/detailed/6aa682afdebccb422ff5bc6c7c6892d1/we-accelerate-the-energy-transition/
100127;The Italian Energy Audits model: A “cocktail” of best practices that lead to success;articles/detailed/972d126c82cddffb88dee49595eb9800/the-italian-energy-audits-model-a-cocktail-of-best-practices-that-lead-to-success/
100128;Onward we go – starting the credentialing process for ICP Europe industry projects;articles/detailed/57e0c8928b53c5f290c0cb5bf8ece94d/onward-we-go-starting-the-credentialing-process-for-icp-europe-industry-projects/
100129;The EU moves forward on green investments;articles/detailed/9e3e2a69104b9defde02c229ec3a4839/the-eu-moves-forward-on-green-investments/
100130;Aluminum Industry: 10 Emerging Technologies for Energy-efficiency and GHG Emissions Reduction;articles/detailed/1217a4c3836efc7e4ae5bf279b6578d4/aluminum-industry-10-emerging-technologies-for-energy-efficiency-and-ghg-emissions-reduction/
100131;The benefit of compressed air systems becoming smart - a Boge example;articles/detailed/ef1380f71ca6a485cb75724f21b675d8/the-benefit-of-compressed-air-systems-becoming-smart-a-boge-example/
100132;FAQ - how the ICP process works for industry, district energy and street lighting;articles/detailed/d296929403a5c5c3aae5852e9fbc924c/faq-how-the-icp-process-works-for-industry-district-energy-and-street-lighting/
100133;Farewell to Traditional Compressor-Based Refrigeration?;articles/detailed/c4a9bce1728be9d76641b9b9f01530fa/farewell-to-traditional-compressor-based-refrigeration/
100134;Digital Transformation of Energy Utilities – Shifting Gears?;articles/detailed/b97292b5e1a44315e76ff3c246b183f1/digital-transformation-of-energy-utilities-shifting-gears/
100135;India – a global player in energy efficiency;articles/detailed/4d7ff810b37bf059b55f5a9a7df2639d/india-a-global-player-in-energy-efficiency/
100136;When is the grid “full”?;articles/detailed/6a0c4b455cbb2475e46ed547eb2c6c71/when-is-the-grid-full/
100137;Too good to be true?  Not really:  a word to the captains of industry;articles/detailed/e2ed1ea3e5b9a762413430d5c64e512a/too-good-to-be-true-not-really-a-word-to-the-captains-of-industry/
100138;Utilities and Governments are Wasting Millions of Dollars Subsidizing A Wrong Technology for Motor Systems Efficiency;articles/detailed/b54ae3494e0cfd5837f5693810b4fbe5/utilities-and-governments-are-wasting-millions-of-dollars-subsidizing-a-wrong-technology-for-motor-s/
100139;The HERA Group, from local utility to global sustainable development. A unique approach that could change the way utilities do business around the world;articles/detailed/d0c5cd40b76a3e5018e052ad62fd5f5d/the-hera-group-from-local-utility-to-global-sustainable-development-a-unique-approach-that-could-c/
100140;UPDATE - ICP: Top 2 benefits for energy efficiency project developers;articles/detailed/4f63a3c03d4b9e2221c891061ae71a56/update-icp-top-2-benefits-for-energy-efficiency-project-developers/
100141;Delivering Energy Efficiency in Industry: How the Hera Group turned an obligation into an innovative and successful business strategy;articles/detailed/4c7bd62b8c3038fcf27363d26e5b2a1c/delivering-energy-efficiency-in-industry-how-the-hera-group-turned-an-obligation-into-an-innovative/
100142;Energy Transition goes virtual - the ICP project;articles/detailed/18eb425c07361782ce3b964b2ba036a8/energy-transition-goes-virtual-the-icp-project/
100143;Join us in a novel approach to increase investments in industrial energy efficiency: training for project developers starts April 27th;articles/detailed/00e0e8fdcd49a6d6e570bf96ddc9b590/join-us-in-a-novel-approach-to-increase-investments-in-industrial-energy-efficiency-training-for-pr/
100144;Open now: The Energy Efficiency Barometer of Industry - a tool to enhance industrial energy productivity;articles/detailed/6a487ccbe8bd3961a12bda2c30c0d69f/open-now-the-energy-efficiency-barometer-of-industry-a-tool-to-enhance-industrial-energy-producti-1/
100145;Does VR work for Energy Efficiency markets? A review of the VR presentation of the Investor Confidence Project at Hannover Messe 2018;articles/detailed/6640bb0e4577f612ae97c07ac211429f/does-vr-works-for-energy-transition-a-review-from-the-investor-confidence-project-vr-presentation-a/
100145;Does VR work for Energy Efficiency markets? A review of the VR presentation of the Investor Confidence Project at Hannover Messe 2018;articles/detailed/6640bb0e4577f612ae97c07ac211429f/does-vr-work-for-energy-transition-a-review-from-the-investor-confidence-project-vr-presentation-at/
100145;Does VR work for Energy Efficiency markets? A review of the VR presentation of the Investor Confidence Project at Hannover Messe 2018;articles/detailed/6640bb0e4577f612ae97c07ac211429f/does-vr-work-for-energy-efficiency-markets-a-review-of-the-vr-presentation-of-the-investor-confiden/
100146;You've got a friend;articles/detailed/c0074da70f54337de17e9c0fa27bbcde/youve-got-a-friend/
100147;The hidden benefits of solar powered energy;articles/detailed/d73b78e21d506c695cd13546d412686d/the-hidden-benefits-of-solar-powered-energy/
100148;What’s next for industrial energy efficiency?;articles/detailed/8fd9a854a34a274a25827f6380b8dd60/whats-next-for-industrial-energy-efficiency/
100149;IoT - Equipped LED lighting systems enhance Energy Efficiency;articles/detailed/feb76d3e75da0b5aa4f06920ecdfbb1b/iot-equipped-led-lighting-systems-enhance-energy-efficiency/
100150;The Gordian Knot of energy efficiency: A message to Europe's financial community;articles/detailed/ab328197c26ad8db8a03513257e20ef0/the-gordian-knot-of-energy-efficiency-a-message-to-europes-financial-community/
100151;Why do you need energy storage monitoring?;articles/detailed/d1bb2647d9044a7fb75ba2eab1eb3312/why-do-you-need-energy-storage-monitoring/
100152;Why we need and take training?;articles/detailed/332c2c17e5d079df79e7321b16899109/why-we-need-and-take-training/
100153;Blockchain in the energy sector is moving forward - Key takeaways from the EventHorizon 2018;articles/detailed/a2bd6c7cc795a02e466014f1d9ea5e2c/blockchain-in-the-energy-sector-is-moving-forward-key-takeaways-from-the-eventhorizon-2018/
100154;Open now: The Energy Efficiency Barometer of Industry - a tool to enhance industrial energy productivity;articles/detailed/f38cee81ed23017fdcc9ae9b91fb4672/open-now-the-energy-efficiency-barometer-of-industry-a-tool-to-enhance-industrial-energy-producti-2/
100155;Europe must choose a green future;articles/detailed/12c871ca49c1f9771d62effc38fe662b/europe-must-choose-a-green-future/
100156;Glass Industry: 16 Emerging Technologies for Energy-efficiency and GHG Emissions Reduction;articles/detailed/34260b0b3988ea8db952bd0136a17120/glass-industry-16-emerging-technologies-for-energy-efficiency-and-ghg-emissions-reduction/
100157;Finding your own energy transition;articles/detailed/0cd04388e37e73dc414ed6392f687cd5/finding-your-own-energy-transition/
100158;Will South Korea’s energy transition include nuclear?;articles/detailed/96379c8c8b2448096037e2fa20a0b618/will-south-koreas-energy-transition-include-nuclear/
100159;21st century energy management;articles/detailed/34797d22b9f922980cdcc13e3cd53771/21st-century-energy-management/
100160;Blockchain Technology – a Threat to Distribution Network Operators?;articles/detailed/8f064e6ee2e2d97b4bd36346f1bae053/blockchain-technology-a-threat-to-distribution-network-operators/
100161;Where energy efficiency is really found is in the minds of men and women;articles/detailed/b78cc76b2bbb9deca2d1372fb54db32d/where-energy-efficiency-is-really-found-is-in-the-minds-of-men-and-women/
100162;Clean energy investment ‘must be 50% higher’ to limit warming to 1.5C;articles/detailed/c27819561efea845133f62b42d455fd4/clean-energy-investment-must-be-50-higher-to-limit-warming-to-15c/
100163;Next steps in financing energy efficiency improvements in Europe’s industry and energy supply;articles/detailed/4a35a2d2a7c94b4e4cba34dd450f2110/next-steps-in-financing-energy-efficiency-improvements-in-europes-district-energy-systems/
100163;Next steps in financing energy efficiency improvements in Europe’s industry and energy supply;articles/detailed/4a35a2d2a7c94b4e4cba34dd450f2110/next-steps-in-financing-energy-efficiency-improvements-in-europes-industry-and-energy-supply/
100164;The next wave of renewable energy?;articles/detailed/7ef728cf3f13a32bc3d1a708970cd8e4/the-next-wave-of-renewable-energy/
100165;Message to the investor community: Be that ‘bridge over troubled water’;articles/detailed/766fbf5ef63d886ae86f52d0bb7dd2ab/message-to-the-investor-community-be-that-bridge-over-troubled-water/
100166;Optimizing Electrical Motor Efficiency: Get More Bang for Your Buck;articles/detailed/fc2366a289df3f830da0810bf9fb3f91/optimizing-electrical-motor-efficiency-get-more-bang-for-your-buck/
100167;Risk minimization for energy efficiency projects;articles/detailed/add4074d8ed903b257db63c17278173a/risk-minimization-for-energy-efficiency-projects/
100168;Offshore wind rising to challenge king coal in Polish energy market;articles/detailed/98e49350e095a78bba5f6b2203ad8458/offshore-wind-rising-to-challenge-king-coal-in-polish-energy-market/
100169;Evolution in energy efficiency financing;articles/detailed/9e1c5808fe0eb6f65657f2251513823a/evolution-in-energy-efficiency-financing/
100170;ICP – the way financial institutions can make fighting climate change a business case;articles/detailed/692d2faa1b369dcb68add94fe91bb7c4/icp-the-way-financial-institutions-can-make-fighting-climate-change-a-business-case/
100171;Local energy aggregation: Similarities between the Italian Hera Group and the Community Choice Energy programs in California;articles/detailed/1f94823dd90fe3a2b15e3b8f992c2d96/spring-thoughts-on-local-energy-aggregation-similarities-between-the-italian-hera-group-and-the-com/
100171;Local energy aggregation: Similarities between the Italian Hera Group and the Community Choice Energy programs in California;articles/detailed/1f94823dd90fe3a2b15e3b8f992c2d96/local-energy-aggregation-similarities-between-the-italian-hera-group-and-the-community-choice-energ/
100172;Green Aviation;articles/detailed/fa42c6cf40438e1f6c04feda8bbf3984/green-aviation/
100173;TOP 3 Articles 1st half 2018;articles/detailed/7f23be3fca8e045b66936cb0d89960b9/top-3-articles-1st-half-2018/
100174;Is an energy revolution underway in Chile?;articles/detailed/597c40b4f191d141b0905cff80768f39/is-an-energy-revolution-underway-in-chile/
100175;Using Non-Energy Benefits to Build Better Business Cases;articles/detailed/c093e7f4b68f4bc3a752612f2ad5c709/using-non-energy-benefits-to-build-better-business-cases/
100176;Batteries included: Gigafactories advance German energy transition;articles/detailed/b13f8de5011c6c00e983eaf1b61ff906/batteries-included-gigafactories-advance-german-energy-transition/
100177;De-risking energy efficiency projects: a market opportunity for project developers;articles/detailed/ffd4015cb22ef1948e4d956483914a88/de-risking-energy-efficiency-projects-a-market-opportunity-for-project-developers/
100178;Redefining energy efficiency in new construction programs;articles/detailed/e32bdce54db95fe6352bc19b9788c19b/redefining-energy-efficiency-in-new-construction-programs/
100179;The EIP-SCC Matchmaking initiative as a tool to accelerate investments in the Smart City Panorama;articles/detailed/991f1eb939d8aa5da63e175345aac03c/the-eip-scc-matchmaking-initiative-as-a-tool-to-accelerate-investments-in-the-smart-city-panorama/
100180;TOP3 articles Energy Finance 1st half 2018;articles/detailed/59398a6084a70332e5c25f6f381be48a/top3-articles-energy-finance-1st-half-2018/
100181;It's time to act;articles/detailed/13f8394f72011093e73a7d7857038bff/its-time-to-act/
100182;Ireland’s new Renewable Energy Support Scheme (RESS) design;articles/detailed/70efcbafd3ee1ac5b52a7913ecaaae56/irelands-new-renewable-energy-support-scheme-ress-design/
100183;TOP 3 Energy Efficiency articles 1st half 2018;articles/detailed/f3bb91abbe2349bb3f50471ef189a4d8/top-3-energy-efficiency-articles-1st-half-2018/
100184;Depleting stupidity;articles/detailed/89f743e5ac9756042cdd424c299bd228/depleting-stupidity/
100185;Houston, we have a problem...;articles/detailed/30e4b682075f96f3e7ebea18caaa79bd/houston-we-have-a-problem/
100186;Are ZNE-ready manufactured homes on the horizon;articles/detailed/0c51dd8cd9769e44e6153a26b3005862/are-zne-ready-manufactured-homes-on-the-horizon/
100187;TOP 3 EEIP articles 2nd quarter 2018;articles/detailed/63fe80d29a9f53c016b83eed57221f95/top-3-eeip-articles-2nd-quarter-2018/
100188;Climate change might double the cost of a beer;articles/detailed/dfb9da78d841d5e08af377be8edd939f/climate-change-might-double-the-cost-of-a-beer/
100189;The Hera Group experience with green bonds - energy efficiency is the top financed category;articles/detailed/64733ae2e40155da8b4a28aeeb61a8f1/blog-from-silvia-zinetti-the-hera-group-experience-with-green-bonds-energy-efficiency-is-the-top/
100189;The Hera Group experience with green bonds - energy efficiency is the top financed category;articles/detailed/64733ae2e40155da8b4a28aeeb61a8f1/the-hera-group-experience-with-green-bonds-energy-efficiency-is-the-top-financed-category/
100190;TOP 3 Articles in Energy Finance from the 2nd quarter of 2018;articles/detailed/600314d5d6f1841c17973a1cada00c52/top-3-articles-in-energy-finance-from-the-2nd-quarter-of-2018/
100191;Q&A: Why cement emissions matter for climate change;articles/detailed/3a0e40e036e0bcf89480412ebe748520/qa-why-cement-emissions-matter-for-climate-change/
100192;Interview to Rod Janssen - "We can't oversell energy efficiency";articles/detailed/a9a7c3e28192afd1ea37faf9818ad567/interview-to-rod-janssen-we-cant-oversell-energy-efficiency/
100193;TOP 3 articles in Energy Efficiency fom the 2nd quarter of 2018;articles/detailed/df337947f1ec90e3b8c0a43af4fcf2fa/top-3-articles-in-energy-efficiency-fom-the-2nd-quarter-of-2018/
100194;2018 Energy Trends: Connected Lighting is the Future (Part 1);articles/detailed/8da747fdc853fe496d583b28726b2793/2018-energy-trends-connected-lighting-is-the-future-part-1/
100195;2018 Energy Trends: Connected Lighting is the Future (Part 2);articles/detailed/dbf122bb93bcee0f830ec6172e8ab918/2018-energy-trends-connected-lighting-is-the-future-part-2/
100201;Cheaper Storage, Bigger Markets, Lots of EVs… Are you Ready?;articles/detailed/93546b4e7d63045fe7e044b0f898b397/cheaper-storage-bigger-markets-lots-of-evs-are-you-ready/
100204;The Investor Confidence Project: The Time is Now;articles/detailed/8df8bd03b30afa5e3581a4eec35f748c/the-investor-confidence-project-the-time-is-now/
100205;The Times Are A-Changin’;articles/detailed/9e5addd42c9fe162706b9b586e88a536/the-times-are-a-changin/
100206;Waste Heat Recovery - first European industry project certified by the Investor Confidence Project;articles/detailed/f5767647a9ab96645b2cc539b425668c/first-european-industry-project-certified-by-the-investor-confidence-project/
100206;Waste Heat Recovery - first European industry project certified by the Investor Confidence Project;articles/detailed/f5767647a9ab96645b2cc539b425668c/waste-heat-recovery-first-european-industry-project-certified-by-the-investor-confidence-project/
100207;5 innovative UK energy efficiency project developers and quality assurance providers;articles/detailed/4160520ae3a2b9099aebe25b156b7c1a/5-innovative-energy-effiicency-project-developers-in-germany/
100207;5 innovative UK energy efficiency project developers and quality assurance providers;articles/detailed/4160520ae3a2b9099aebe25b156b7c1a/5-innovative-energy-effiicency-project-developers-in-uk/
100207;5 innovative UK energy efficiency project developers and quality assurance providers;articles/detailed/4160520ae3a2b9099aebe25b156b7c1a/5-innovative-energy-efficiency-project-developers-in-uk/
100207;5 innovative UK energy efficiency project developers and quality assurance providers;articles/detailed/4160520ae3a2b9099aebe25b156b7c1a/5-innovative-uk-energy-efficiency-project-developers-and-quality-assurance-providers/
100208;EU research & innovation tout court;articles/detailed/2240a0080e84ff500ccd323cea916d61/eu-research-innovation-tout-court/
100209;How Greece drives energy efficiency: 5 innovative companies;articles/detailed/b875c3e979720a90462f44fb4669d063/how-greece-drives-energy-efficiency-5-innovative-companies/
100209;How Greece drives energy efficiency: 5 innovative companies;articles/detailed/b875c3e979720a90462f44fb4669d063/por-drives-energy-efficiency-5-innovative-companies/
100210;Finding our voice;articles/detailed/59ae4fb65e1e983e3d62e2f3cdb766c5/finding-our-voice/
100211;Utilize all the available energy — Heat recovery;articles/detailed/e3856df40e2342fa6e02d4d5d9e11afe/utilize-all-the-available-energy-heat-recovery/
100212;DeepL Beispiel - Quelle underwriting guide;articles/detailed/dc1fd30b95c09158c24ec97ca047864b/deepl-beispiel-quelle-underwriting-guide/
100213;Electric Vehicles & Heat Pumps: Electric motors play a crucial role in the energy transition;articles/detailed/7a63d03adb027ab72323daa86bdbd98d/electric-vehicles-heat-pumps-electric-motors-play-a-crucial-role-in-the-energy-transition/
100214;“Simply not enough”;articles/detailed/5744e330c75634733f10ed7a0b23a649/simply-not-enough/
100215;More than Ronaldo - How 5 innovative Portuguese companies drive energy efficiency;articles/detailed/118b6fd8f841b469f817b35dbc32c344/how-greece-drives-energy-efficiency-5-innovative-companies-1/
100215;More than Ronaldo - How 5 innovative Portuguese companies drive energy efficiency;articles/detailed/118b6fd8f841b469f817b35dbc32c344/por-how-greece-drives-energy-efficiency-5-innovative-companies/
100215;More than Ronaldo - How 5 innovative Portuguese companies drive energy efficiency;articles/detailed/118b6fd8f841b469f817b35dbc32c344/more-than-ronaldo-how-5-innovative-portugese-companies-drive-energy-efficiency/
100215;More than Ronaldo - How 5 innovative Portuguese companies drive energy efficiency;articles/detailed/118b6fd8f841b469f817b35dbc32c344/more-than-ronaldo-how-5-innovative-portuguese-companies-drive-energy-efficiency/
100216;Making an impact;articles/detailed/acf17ceb7cc3ca018ef3b57f08c2ce0f/making-an-impact/
100217;ICP partners made it!;articles/detailed/8c9a196e2fef8fe8433f4dfbca0cee3a/icp-partners-made-it/
100218;What the energy efficiency community can learn from the Club of Rome;articles/detailed/628f0f1eee2e8315aa40601b5c379f3c/what-the-energy-efficiency-community-can-learn-from-the-club-of-rome/
100219;Sustainable finance: Simplicity liberates action!;articles/detailed/ae4a4252c36c6b06e33e7f5814200dea/sustainable-finance-simplicity-liberates-action/
